pilot_rank,stable_source_image_id,split,sequence_id,image_path,mask_path,annotation_status,selection_strata,component_count,big_rock_pixel_count,bedrock_adjacent_pixels,geometry_status,selection_seed,selection_rationale
1,NLB_485122672EDR_F0480458NCAM12753M1,train,F0480458NCAM12753M1,msl/ncam/images/edr/NLB_485122672EDR_F0480458NCAM12753M1.JPG,msl/ncam/labels/train/NLB_485122672EDR_F0480458NCAM12753M1.png,candidate_unreviewed,isolated_candidate|tiny_component_candidate|rgb_only_or_geometry_unresolved,1,36,0,unresolved_no_explicit_pair_metadata,42,deterministic development-only candidate selection; requires manual instance review
2,NLB_461148082EDR_F0401286NCAM00265M1,train,F0401286NCAM00265M1,msl/ncam/images/edr/NLB_461148082EDR_F0401286NCAM00265M1.JPG,msl/ncam/labels/train/NLB_461148082EDR_F0401286NCAM00265M1.png,candidate_unreviewed,isolated_candidate|tiny_component_candidate|rgb_only_or_geometry_unresolved,1,3,0,unresolved_no_explicit_pair_metadata,42,deterministic development-only candidate selection; requires manual instance review
3,NLB_532080163EDR_F0592242NCAM00276M1,train,F0592242NCAM00276M1,msl/ncam/images/edr/NLB_532080163EDR_F0592242NCAM00276M1.JPG,msl/ncam/labels/train/NLB_532080163EDR_F0592242NCAM00276M1.png,candidate_unreviewed,isolated_candidate|tiny_component_candidate|rgb_only_or_geometry_unresolved,1,3,0,unresolved_no_explicit_pair_metadata,42,deterministic development-only candidate selection; requires manual instance review
4,NLB_538115968EDR_F0601650NCAM00653M1,val,F0601650NCAM00653M1,msl/ncam/images/edr/NLB_538115968EDR_F0601650NCAM00653M1.JPG,msl/ncam/labels/train/NLB_538115968EDR_F0601650NCAM00653M1.png,candidate_unreviewed,isolated_candidate|tiny_component_candidate|rgb_only_or_geometry_unresolved,1,43,0,unresolved_no_explicit_pair_metadata,42,deterministic development-only candidate selection; requires manual instance review
5,NLB_582506787EDR_F0710000NCAM00266M1,train,F0710000NCAM00266M1,msl/ncam/images/edr/NLB_582506787EDR_F0710000NCAM00266M1.JPG,msl/ncam/labels/train/NLB_582506787EDR_F0710000NCAM00266M1.png,candidate_unreviewed,isolated_candidate|tiny_component_candidate|rgb_only_or_geometry_unresolved,1,6,0,unresolved_no_explicit_pair_metadata,42,deterministic development-only candidate selection; requires manual instance review
6,NLB_501719801EDR_F0511102NCAM07753M1,train,F0511102NCAM07753M1,msl/ncam/images/edr/NLB_501719801EDR_F0511102NCAM07753M1.JPG,msl/ncam/labels/train/NLB_501719801EDR_F0511102NCAM07753M1.png,candidate_unreviewed,isolated_candidate|tiny_component_candidate|rgb_only_or_geometry_unresolved,1,10,0,unresolved_no_explicit_pair_metadata,42,deterministic development-only candidate selection; requires manual instance review
7,NLB_605858363EDR_F0750000NCAM00289M1,train,F0750000NCAM00289M1,msl/ncam/images/edr/NLB_605858363EDR_F0750000NCAM00289M1.JPG,msl/ncam/labels/train/NLB_605858363EDR_F0750000NCAM00289M1.png,candidate_unreviewed,isolated_candidate|tiny_component_candidate|rgb_only_or_geometry_unresolved,1,2,0,unresolved_no_explicit_pair_metadata,42,deterministic development-only candidate selection; requires manual instance review
8,NLB_514326109EDR_F0540622NCAM00385M1,train,F0540622NCAM00385M1,msl/ncam/images/edr/NLB_514326109EDR_F0540622NCAM00385M1.JPG,msl/ncam/labels/train/NLB_514326109EDR_F0540622NCAM00385M1.png,candidate_unreviewed,isolated_candidate|bedrock_big_rock_boundary|rgb_only_or_geometry_unresolved,1,3224,7,unresolved_no_explicit_pair_metadata,42,deterministic development-only candidate selection; requires manual instance review
9,NLB_557297963EDR_F0652720NCAM07753M1,train,F0652720NCAM07753M1,msl/ncam/images/edr/NLB_557297963EDR_F0652720NCAM07753M1.JPG,msl/ncam/labels/train/NLB_557297963EDR_F0652720NCAM07753M1.png,candidate_unreviewed,isolated_candidate|tiny_component_candidate|rgb_only_or_geometry_unresolved,1,30,0,unresolved_no_explicit_pair_metadata,42,deterministic development-only candidate selection; requires manual instance review
10,NLB_531910192EDR_F0591998NCAM00275M1,train,F0591998NCAM00275M1,msl/ncam/images/edr/NLB_531910192EDR_F0591998NCAM00275M1.JPG,msl/ncam/labels/train/NLB_531910192EDR_F0591998NCAM00275M1.png,candidate_unreviewed,isolated_candidate|tiny_component_candidate|rgb_only_or_geometry_unresolved,1,1,0,unresolved_no_explicit_pair_metadata,42,deterministic development-only candidate selection; requires manual instance review
11,NLB_485383863EDR_F0480680NCAM00266M1,train,F0480680NCAM00266M1,msl/ncam/images/edr/NLB_485383863EDR_F0480680NCAM00266M1.JPG,msl/ncam/labels/train/NLB_485383863EDR_F0480680NCAM00266M1.png,candidate_unreviewed,isolated_candidate|tiny_component_candidate|rgb_only_or_geometry_unresolved,1,33,0,unresolved_no_explicit_pair_metadata,42,deterministic development-only candidate selection; requires manual instance review
12,NLB_579407334EDR_F0701538NCAM00320M1,val,F0701538NCAM00320M1,msl/ncam/images/edr/NLB_579407334EDR_F0701538NCAM00320M1.JPG,msl/ncam/labels/train/NLB_579407334EDR_F0701538NCAM00320M1.png,candidate_unreviewed,isolated_candidate|tiny_component_candidate|rgb_only_or_geometry_unresolved,1,7,0,unresolved_no_explicit_pair_metadata,42,deterministic development-only candidate selection; requires manual instance review
13,NLB_530568525EDR_F0582136NCAM05113M1,val,F0582136NCAM05113M1,msl/ncam/images/edr/NLB_530568525EDR_F0582136NCAM05113M1.JPG,msl/ncam/labels/train/NLB_530568525EDR_F0582136NCAM05113M1.png,candidate_unreviewed,isolated_candidate|tiny_component_candidate|rgb_only_or_geometry_unresolved,1,2,0,unresolved_no_explicit_pair_metadata,42,deterministic development-only candidate selection; requires manual instance review
14,NLB_460794047EDR_F0400660NCAM00262M1,train,F0400660NCAM00262M1,msl/ncam/images/edr/NLB_460794047EDR_F0400660NCAM00262M1.JPG,msl/ncam/labels/train/NLB_460794047EDR_F0400660NCAM00262M1.png,candidate_unreviewed,isolated_candidate|tiny_component_candidate|rgb_only_or_geometry_unresolved,1,7,0,unresolved_no_explicit_pair_metadata,42,deterministic development-only candidate selection; requires manual instance review
15,NLB_458749903EDR_F0390726NCAM00264M1,train,F0390726NCAM00264M1,msl/ncam/images/edr/NLB_458749903EDR_F0390726NCAM00264M1.JPG,msl/ncam/labels/train/NLB_458749903EDR_F0390726NCAM00264M1.png,candidate_unreviewed,isolated_candidate|tiny_component_candidate|rgb_only_or_geometry_unresolved,1,2,0,unresolved_no_explicit_pair_metadata,42,deterministic development-only candidate selection; requires manual instance review
16,NLB_557555419EDR_F0652882NCAM00296M1,train,F0652882NCAM00296M1,msl/ncam/images/edr/NLB_557555419EDR_F0652882NCAM00296M1.JPG,msl/ncam/labels/train/NLB_557555419EDR_F0652882NCAM00296M1.png,candidate_unreviewed,isolated_candidate|tiny_component_candidate|rgb_only_or_geometry_unresolved,1,1,0,unresolved_no_explicit_pair_metadata,42,deterministic development-only candidate selection; requires manual instance review
17,NLB_463190860EDR_F0410838NCAM00350M1,val,F0410838NCAM00350M1,msl/ncam/images/edr/NLB_463190860EDR_F0410838NCAM00350M1.JPG,msl/ncam/labels/train/NLB_463190860EDR_F0410838NCAM00350M1.png,candidate_unreviewed,isolated_candidate|tiny_component_candidate|rgb_only_or_geometry_unresolved,1,34,0,unresolved_no_explicit_pair_metadata,42,deterministic development-only candidate selection; requires manual instance review
18,NLB_482013579EDR_F0460000NCAM05113M1,train,F0460000NCAM05113M1,msl/ncam/images/edr/NLB_482013579EDR_F0460000NCAM05113M1.JPG,msl/ncam/labels/train/NLB_482013579EDR_F0460000NCAM05113M1.png,candidate_unreviewed,isolated_candidate|tiny_component_candidate|rgb_only_or_geometry_unresolved,1,2,0,unresolved_no_explicit_pair_metadata,42,deterministic development-only candidate selection; requires manual instance review
19,NLB_519032073EDR_F0542508NCAM00287M1,train,F0542508NCAM00287M1,msl/ncam/images/edr/NLB_519032073EDR_F0542508NCAM00287M1.JPG,msl/ncam/labels/train/NLB_519032073EDR_F0542508NCAM00287M1.png,candidate_unreviewed,isolated_candidate|bedrock_big_rock_boundary|rgb_only_or_geometry_unresolved,1,35956,3,unresolved_no_explicit_pair_metadata,42,deterministic development-only candidate selection; requires manual instance review
20,NLB_495506569EDR_F0500000NCAM00273M1,val,F0500000NCAM00273M1,msl/ncam/images/edr/NLB_495506569EDR_F0500000NCAM00273M1.JPG,msl/ncam/labels/train/NLB_495506569EDR_F0500000NCAM00273M1.png,candidate_unreviewed,isolated_candidate|bedrock_big_rock_boundary|rgb_only_or_geometry_unresolved,1,3337,9,unresolved_no_explicit_pair_metadata,42,deterministic development-only candidate selection; requires manual instance review
21,NLB_508376918EDR_F0522262NCAM00283M1,val,F0522262NCAM00283M1,msl/ncam/images/edr/NLB_508376918EDR_F0522262NCAM00283M1.JPG,msl/ncam/labels/train/NLB_508376918EDR_F0522262NCAM00283M1.png,candidate_unreviewed,isolated_candidate|tiny_component_candidate|rgb_only_or_geometry_unresolved,1,7,0,unresolved_no_explicit_pair_metadata,42,deterministic development-only candidate selection; requires manual instance review
22,NLB_536794099EDR_F0593016NCAM00207M1,train,F0593016NCAM00207M1,msl/ncam/images/edr/NLB_536794099EDR_F0593016NCAM00207M1.JPG,msl/ncam/labels/train/NLB_536794099EDR_F0593016NCAM00207M1.png,candidate_unreviewed,isolated_candidate|tiny_component_candidate|rgb_only_or_geometry_unresolved,1,27,0,unresolved_no_explicit_pair_metadata,42,deterministic development-only candidate selection; requires manual instance review
23,NLB_451922085EDR_F0311330NCAM00364M1,val,F0311330NCAM00364M1,msl/ncam/images/edr/NLB_451922085EDR_F0311330NCAM00364M1.JPG,msl/ncam/labels/train/NLB_451922085EDR_F0311330NCAM00364M1.png,candidate_unreviewed,isolated_candidate|tiny_component_candidate|rgb_only_or_geometry_unresolved,1,6,0,unresolved_no_explicit_pair_metadata,42,deterministic development-only candidate selection; requires manual instance review
24,NLB_500298474EDR_F0502396NCAM00385M1,train,F0502396NCAM00385M1,msl/ncam/images/edr/NLB_500298474EDR_F0502396NCAM00385M1.JPG,msl/ncam/labels/train/NLB_500298474EDR_F0502396NCAM00385M1.png,candidate_unreviewed,isolated_candidate|bedrock_big_rock_boundary|rgb_only_or_geometry_unresolved,1,2833,1,unresolved_no_explicit_pair_metadata,42,deterministic development-only candidate selection; requires manual instance review
25,NLB_517962306EDR_F0542280NCAM07753M1,train,F0542280NCAM07753M1,msl/ncam/images/edr/NLB_517962306EDR_F0542280NCAM07753M1.JPG,msl/ncam/labels/train/NLB_517962306EDR_F0542280NCAM07753M1.png,candidate_unreviewed,isolated_candidate|bedrock_big_rock_boundary|rgb_only_or_geometry_unresolved,1,35534,3,unresolved_no_explicit_pair_metadata,42,deterministic development-only candidate selection; requires manual instance review
26,NLB_460085123EDR_F0400000NCAM00353M1,train,F0400000NCAM00353M1,msl/ncam/images/edr/NLB_460085123EDR_F0400000NCAM00353M1.JPG,msl/ncam/labels/train/NLB_460085123EDR_F0400000NCAM00353M1.png,candidate_unreviewed,isolated_candidate|tiny_component_candidate|rgb_only_or_geometry_unresolved,1,1,0,unresolved_no_explicit_pair_metadata,42,deterministic development-only candidate selection; requires manual instance review
27,NLB_517960514EDR_F0542262NCAM00285M1,train,F0542262NCAM00285M1,msl/ncam/images/edr/NLB_517960514EDR_F0542262NCAM00285M1.JPG,msl/ncam/labels/train/NLB_517960514EDR_F0542262NCAM00285M1.png,candidate_unreviewed,isolated_candidate|bedrock_big_rock_boundary|rgb_only_or_geometry_unresolved,1,3837,1,unresolved_no_explicit_pair_metadata,42,deterministic development-only candidate selection; requires manual instance review
28,NLB_551440780EDR_F0640996NCAM07753M1,train,F0640996NCAM07753M1,msl/ncam/images/edr/NLB_551440780EDR_F0640996NCAM07753M1.JPG,msl/ncam/labels/train/NLB_551440780EDR_F0640996NCAM07753M1.png,candidate_unreviewed,isolated_candidate|tiny_component_candidate|rgb_only_or_geometry_unresolved,1,22,0,unresolved_no_explicit_pair_metadata,42,deterministic development-only candidate selection; requires manual instance review
29,NLB_511929687EDR_F0532138NCAM07753M1,train,F0532138NCAM07753M1,msl/ncam/images/edr/NLB_511929687EDR_F0532138NCAM07753M1.JPG,msl/ncam/labels/train/NLB_511929687EDR_F0532138NCAM07753M1.png,candidate_unreviewed,isolated_candidate|tiny_component_candidate|rgb_only_or_geometry_unresolved,1,22,0,unresolved_no_explicit_pair_metadata,42,deterministic development-only candidate selection; requires manual instance review
30,NLA_411521115EDR_F0051954NCAM00320M1,val,F0051954NCAM00320M1,msl/ncam/images/edr/NLA_411521115EDR_F0051954NCAM00320M1.JPG,msl/ncam/labels/train/NLA_411521115EDR_F0051954NCAM00320M1.png,candidate_unreviewed,isolated_candidate|tiny_component_candidate|rgb_only_or_geometry_unresolved,1,20,0,unresolved_no_explicit_pair_metadata,42,deterministic development-only candidate selection; requires manual instance review
31,NLB_543533452EDR_F0613226NCAM00312M1,train,F0613226NCAM00312M1,msl/ncam/images/edr/NLB_543533452EDR_F0613226NCAM00312M1.JPG,msl/ncam/labels/train/NLB_543533452EDR_F0613226NCAM00312M1.png,candidate_unreviewed,multiple_candidate_regions|border_truncation_candidate|very_large_component_candidate|tiny_component_candidate|rgb_only_or_geometry_unresolved,22,89281,0,unresolved_no_explicit_pair_metadata,42,deterministic development-only candidate selection; requires manual instance review
32,NLB_512730161EDR_F0532980NCAM00265M1,train,F0532980NCAM00265M1,msl/ncam/images/edr/NLB_512730161EDR_F0532980NCAM00265M1.JPG,msl/ncam/labels/train/NLB_512730161EDR_F0532980NCAM00265M1.png,candidate_unreviewed,multiple_candidate_regions|bedrock_big_rock_boundary|very_large_component_candidate|tiny_component_candidate|rgb_only_or_geometry_unresolved,3,101099,2,unresolved_no_explicit_pair_metadata,42,deterministic development-only candidate selection; requires manual instance review
33,NLB_550103482EDR_F0632672NCAM07753M1,train,F0632672NCAM07753M1,msl/ncam/images/edr/NLB_550103482EDR_F0632672NCAM07753M1.JPG,msl/ncam/labels/train/NLB_550103482EDR_F0632672NCAM07753M1.png,candidate_unreviewed,multiple_candidate_regions|bedrock_big_rock_boundary|very_large_component_candidate|tiny_component_candidate|rgb_only_or_geometry_unresolved,21,129285,1,unresolved_no_explicit_pair_metadata,42,deterministic development-only candidate selection; requires manual instance review
34,NLB_463551084EDR_F0411534NCAM00385M1,train,F0411534NCAM00385M1,msl/ncam/images/edr/NLB_463551084EDR_F0411534NCAM00385M1.JPG,msl/ncam/labels/train/NLB_463551084EDR_F0411534NCAM00385M1.png,candidate_unreviewed,multiple_candidate_regions|bedrock_big_rock_boundary|very_large_component_candidate|tiny_component_candidate|rgb_only_or_geometry_unresolved,4,116889,19,unresolved_no_explicit_pair_metadata,42,deterministic development-only candidate selection; requires manual instance review
35,NLB_547531945EDR_F0630000NCAM07753M1,train,F0630000NCAM07753M1,msl/ncam/images/edr/NLB_547531945EDR_F0630000NCAM07753M1.JPG,msl/ncam/labels/train/NLB_547531945EDR_F0630000NCAM07753M1.png,candidate_unreviewed,multiple_candidate_regions|bedrock_big_rock_boundary|very_large_component_candidate|tiny_component_candidate|rgb_only_or_geometry_unresolved,10,125313,8,unresolved_no_explicit_pair_metadata,42,deterministic development-only candidate selection; requires manual instance review
36,NLB_526667286EDR_F0572798NCAM07753M1,train,F0572798NCAM07753M1,msl/ncam/images/edr/NLB_526667286EDR_F0572798NCAM07753M1.JPG,msl/ncam/labels/train/NLB_526667286EDR_F0572798NCAM07753M1.png,candidate_unreviewed,multiple_candidate_regions|bedrock_big_rock_boundary|very_large_component_candidate|tiny_component_candidate|rgb_only_or_geometry_unresolved,14,192048,8,unresolved_no_explicit_pair_metadata,42,deterministic development-only candidate selection; requires manual instance review
37,NLB_582507925EDR_F0710000NCAM00267M1,train,F0710000NCAM00267M1,msl/ncam/images/edr/NLB_582507925EDR_F0710000NCAM00267M1.JPG,msl/ncam/labels/train/NLB_582507925EDR_F0710000NCAM00267M1.png,candidate_unreviewed,multiple_candidate_regions|bedrock_big_rock_boundary|very_large_component_candidate|tiny_component_candidate|rgb_only_or_geometry_unresolved,4,54558,1,unresolved_no_explicit_pair_metadata,42,deterministic development-only candidate selection; requires manual instance review
38,NLB_483955685EDR_F0470598NCAM00320M1,train,F0470598NCAM00320M1,msl/ncam/images/edr/NLB_483955685EDR_F0470598NCAM00320M1.JPG,msl/ncam/labels/train/NLB_483955685EDR_F0470598NCAM00320M1.png,candidate_unreviewed,multiple_candidate_regions|bedrock_big_rock_boundary|very_large_component_candidate|tiny_component_candidate|rgb_only_or_geometry_unresolved,12,92889,1,unresolved_no_explicit_pair_metadata,42,deterministic development-only candidate selection; requires manual instance review
39,NLB_489995169EDR_F0482118NCAM00249M1,train,F0482118NCAM00249M1,msl/ncam/images/edr/NLB_489995169EDR_F0482118NCAM00249M1.JPG,msl/ncam/labels/train/NLB_489995169EDR_F0482118NCAM00249M1.png,candidate_unreviewed,multiple_candidate_regions|bedrock_big_rock_boundary|very_large_component_candidate|tiny_component_candidate|rgb_only_or_geometry_unresolved,4,64043,1,unresolved_no_explicit_pair_metadata,42,deterministic development-only candidate selection; requires manual instance review
40,NLB_471625465EDR_F0442336NCAM00261M1,val,F0442336NCAM00261M1,msl/ncam/images/edr/NLB_471625465EDR_F0442336NCAM00261M1.JPG,msl/ncam/labels/train/NLB_471625465EDR_F0442336NCAM00261M1.png,candidate_unreviewed,multiple_candidate_regions|very_large_component_candidate|tiny_component_candidate|rgb_only_or_geometry_unresolved,7,103523,0,unresolved_no_explicit_pair_metadata,42,deterministic development-only candidate selection; requires manual instance review
41,NLB_548252623EDR_F0631150NCAM00312M1,train,F0631150NCAM00312M1,msl/ncam/images/edr/NLB_548252623EDR_F0631150NCAM00312M1.JPG,msl/ncam/labels/train/NLB_548252623EDR_F0631150NCAM00312M1.png,candidate_unreviewed,multiple_candidate_regions|very_large_component_candidate|tiny_component_candidate|rgb_only_or_geometry_unresolved,14,61338,0,unresolved_no_explicit_pair_metadata,42,deterministic development-only candidate selection; requires manual instance review
42,NLB_490361091EDR_F0482224NCAM00355M1,train,F0482224NCAM00355M1,msl/ncam/images/edr/NLB_490361091EDR_F0482224NCAM00355M1.JPG,msl/ncam/labels/train/NLB_490361091EDR_F0482224NCAM00355M1.png,candidate_unreviewed,multiple_candidate_regions|very_large_component_candidate|tiny_component_candidate|rgb_only_or_geometry_unresolved,4,199730,0,unresolved_no_explicit_pair_metadata,42,deterministic development-only candidate selection; requires manual instance review
43,NLB_444368643EDR_F0260168NCAM00253M1,train,F0260168NCAM00253M1,msl/ncam/images/edr/NLB_444368643EDR_F0260168NCAM00253M1.JPG,msl/ncam/labels/train/NLB_444368643EDR_F0260168NCAM00253M1.png,candidate_unreviewed,multiple_candidate_regions|very_large_component_candidate|tiny_component_candidate|rgb_only_or_geometry_unresolved,6,101451,0,unresolved_no_explicit_pair_metadata,42,deterministic development-only candidate selection; requires manual instance review
44,NLB_449076088EDR_F0300786NCAM00256M1,train,F0300786NCAM00256M1,msl/ncam/images/edr/NLB_449076088EDR_F0300786NCAM00256M1.JPG,msl/ncam/labels/train/NLB_449076088EDR_F0300786NCAM00256M1.png,candidate_unreviewed,multiple_candidate_regions|very_large_component_candidate|tiny_component_candidate|rgb_only_or_geometry_unresolved,4,61128,0,unresolved_no_explicit_pair_metadata,42,deterministic development-only candidate selection; requires manual instance review
45,NLB_444808777EDR_F0260292NCAM00258M1,train,F0260292NCAM00258M1,msl/ncam/images/edr/NLB_444808777EDR_F0260292NCAM00258M1.JPG,msl/ncam/labels/train/NLB_444808777EDR_F0260292NCAM00258M1.png,candidate_unreviewed,multiple_candidate_regions|very_large_component_candidate|tiny_component_candidate|rgb_only_or_geometry_unresolved,11,337399,0,unresolved_no_explicit_pair_metadata,42,deterministic development-only candidate selection; requires manual instance review
46,NLB_446501152EDR_F0280000NCAM00279M1,train,F0280000NCAM00279M1,msl/ncam/images/edr/NLB_446501152EDR_F0280000NCAM00279M1.JPG,msl/ncam/labels/train/NLB_446501152EDR_F0280000NCAM00279M1.png,candidate_unreviewed,multiple_candidate_regions|very_large_component_candidate|tiny_component_candidate|rgb_only_or_geometry_unresolved,4,171742,0,unresolved_no_explicit_pair_metadata,42,deterministic development-only candidate selection; requires manual instance review
47,NLB_463898490EDR_F0420186NCAM00280M1,train,F0420186NCAM00280M1,msl/ncam/images/edr/NLB_463898490EDR_F0420186NCAM00280M1.JPG,msl/ncam/labels/train/NLB_463898490EDR_F0420186NCAM00280M1.png,candidate_unreviewed,multiple_candidate_regions|very_large_component_candidate|tiny_component_candidate|rgb_only_or_geometry_unresolved,3,155358,0,unresolved_no_explicit_pair_metadata,42,deterministic development-only candidate selection; requires manual instance review
48,NLB_489385753EDR_F0481906NCAM07753M1,train,F0481906NCAM07753M1,msl/ncam/images/edr/NLB_489385753EDR_F0481906NCAM07753M1.JPG,msl/ncam/labels/train/NLB_489385753EDR_F0481906NCAM07753M1.png,candidate_unreviewed,multiple_candidate_regions|very_large_component_candidate|tiny_component_candidate|rgb_only_or_geometry_unresolved,4,217738,0,unresolved_no_explicit_pair_metadata,42,deterministic development-only candidate selection; requires manual instance review
49,NLB_583208586EDR_F0710570NCAM00278M1,train,F0710570NCAM00278M1,msl/ncam/images/edr/NLB_583208586EDR_F0710570NCAM00278M1.JPG,msl/ncam/labels/train/NLB_583208586EDR_F0710570NCAM00278M1.png,candidate_unreviewed,multiple_candidate_regions|very_large_component_candidate|tiny_component_candidate|rgb_only_or_geometry_unresolved,10,85916,0,unresolved_no_explicit_pair_metadata,42,deterministic development-only candidate selection; requires manual instance review
50,NLB_549044161EDR_F0631840CCAM15903M1,val,NLB_549044161EDR_F0631840CCAM15903M1,msl/ncam/images/edr/NLB_549044161EDR_F0631840CCAM15903M1.JPG,msl/ncam/labels/train/NLB_549044161EDR_F0631840CCAM15903M1.png,candidate_unreviewed,multiple_candidate_regions|very_large_component_candidate|tiny_component_candidate|rgb_only_or_geometry_unresolved,3,248597,0,unresolved_no_explicit_pair_metadata,42,deterministic development-only candidate selection; requires manual instance review
51,NLB_548249342EDR_F0631150NCAM00274M1,train,F0631150NCAM00274M1,msl/ncam/images/edr/NLB_548249342EDR_F0631150NCAM00274M1.JPG,msl/ncam/labels/train/NLB_548249342EDR_F0631150NCAM00274M1.png,candidate_unreviewed,multiple_candidate_regions|very_large_component_candidate|tiny_component_candidate|rgb_only_or_geometry_unresolved,5,61342,0,unresolved_no_explicit_pair_metadata,42,deterministic development-only candidate selection; requires manual instance review
52,NLB_519033092EDR_F0542508NCAM07753M1,train,F0542508NCAM07753M1,msl/ncam/images/edr/NLB_519033092EDR_F0542508NCAM07753M1.JPG,msl/ncam/labels/train/NLB_519033092EDR_F0542508NCAM07753M1.png,candidate_unreviewed,multiple_candidate_regions|very_large_component_candidate|tiny_component_candidate|rgb_only_or_geometry_unresolved,4,82986,0,unresolved_no_explicit_pair_metadata,42,deterministic development-only candidate selection; requires manual instance review
53,NLB_512995340EDR_F0540000NCAM07753M1,train,F0540000NCAM07753M1,msl/ncam/images/edr/NLB_512995340EDR_F0540000NCAM07753M1.JPG,msl/ncam/labels/train/NLB_512995340EDR_F0540000NCAM07753M1.png,candidate_unreviewed,multiple_candidate_regions|very_large_component_candidate|tiny_component_candidate|rgb_only_or_geometry_unresolved,3,121848,0,unresolved_no_explicit_pair_metadata,42,deterministic development-only candidate selection; requires manual instance review
54,NLB_542390881EDR_F0611908NCAM00354M1,val,F0611908NCAM00354M1,msl/ncam/images/edr/NLB_542390881EDR_F0611908NCAM00354M1.JPG,msl/ncam/labels/train/NLB_542390881EDR_F0611908NCAM00354M1.png,candidate_unreviewed,multiple_candidate_regions|very_large_component_candidate|tiny_component_candidate|rgb_only_or_geometry_unresolved,5,284952,0,unresolved_no_explicit_pair_metadata,42,deterministic development-only candidate selection; requires manual instance review
55,NLB_529502583EDR_F0581950NCAM00385M1,train,F0581950NCAM00385M1,msl/ncam/images/edr/NLB_529502583EDR_F0581950NCAM00385M1.JPG,msl/ncam/labels/train/NLB_529502583EDR_F0581950NCAM00385M1.png,candidate_unreviewed,multiple_candidate_regions|very_large_component_candidate|tiny_component_candidate|rgb_only_or_geometry_unresolved,4,62342,0,unresolved_no_explicit_pair_metadata,42,deterministic development-only candidate selection; requires manual instance review
56,NLB_510778866EDR_F0531182NCAM00299M1,train,F0531182NCAM00299M1,msl/ncam/images/edr/NLB_510778866EDR_F0531182NCAM00299M1.JPG,msl/ncam/labels/train/NLB_510778866EDR_F0531182NCAM00299M1.png,candidate_unreviewed,multiple_candidate_regions|very_large_component_candidate|tiny_component_candidate|rgb_only_or_geometry_unresolved,11,110644,0,unresolved_no_explicit_pair_metadata,42,deterministic development-only candidate selection; requires manual instance review
57,NLB_490974656EDR_F0482518NCAM00353M1,train,F0482518NCAM00353M1,msl/ncam/images/edr/NLB_490974656EDR_F0482518NCAM00353M1.JPG,msl/ncam/labels/train/NLB_490974656EDR_F0482518NCAM00353M1.png,candidate_unreviewed,multiple_candidate_regions|very_large_component_candidate|tiny_component_candidate|rgb_only_or_geometry_unresolved,3,113270,0,unresolved_no_explicit_pair_metadata,42,deterministic development-only candidate selection; requires manual instance review
58,NLB_545586860EDR_F0620786NCAM00207M1,val,F0620786NCAM00207M1,msl/ncam/images/edr/NLB_545586860EDR_F0620786NCAM00207M1.JPG,msl/ncam/labels/train/NLB_545586860EDR_F0620786NCAM00207M1.png,candidate_unreviewed,multiple_candidate_regions|very_large_component_candidate|tiny_component_candidate|rgb_only_or_geometry_unresolved,7,85777,0,unresolved_no_explicit_pair_metadata,42,deterministic development-only candidate selection; requires manual instance review
59,NLB_512192902EDR_F0532406NCAM00354M1,train,F0532406NCAM00354M1,msl/ncam/images/edr/NLB_512192902EDR_F0532406NCAM00354M1.JPG,msl/ncam/labels/train/NLB_512192902EDR_F0532406NCAM00354M1.png,candidate_unreviewed,multiple_candidate_regions|very_large_component_candidate|tiny_component_candidate|rgb_only_or_geometry_unresolved,3,101099,0,unresolved_no_explicit_pair_metadata,42,deterministic development-only candidate selection; requires manual instance review
60,NLB_499861525EDR_F0501624NCAM00292M1,train,F0501624NCAM00292M1,msl/ncam/images/edr/NLB_499861525EDR_F0501624NCAM00292M1.JPG,msl/ncam/labels/train/NLB_499861525EDR_F0501624NCAM00292M1.png,candidate_unreviewed,multiple_candidate_regions|very_large_component_candidate|tiny_component_candidate|rgb_only_or_geometry_unresolved,3,103111,0,unresolved_no_explicit_pair_metadata,42,deterministic development-only candidate selection; requires manual instance review
61,NLB_471806967EDR_F0442414NCAM00262M1,val,F0442414NCAM00262M1,msl/ncam/images/edr/NLB_471806967EDR_F0442414NCAM00262M1.JPG,msl/ncam/labels/train/NLB_471806967EDR_F0442414NCAM00262M1.png,candidate_unreviewed,multiple_candidate_regions|bedrock_big_rock_boundary|very_large_component_candidate|tiny_component_candidate|rgb_only_or_geometry_unresolved,15,75351,1,unresolved_no_explicit_pair_metadata,42,deterministic development-only candidate selection; requires manual instance review
62,NLB_478895963EDR_F0450450NCAM00372M1,train,F0450450NCAM00372M1,msl/ncam/images/edr/NLB_478895963EDR_F0450450NCAM00372M1.JPG,msl/ncam/labels/train/NLB_478895963EDR_F0450450NCAM00372M1.png,candidate_unreviewed,multiple_candidate_regions|bedrock_big_rock_boundary|very_large_component_candidate|tiny_component_candidate|rgb_only_or_geometry_unresolved,4,59705,1,unresolved_no_explicit_pair_metadata,42,deterministic development-only candidate selection; requires manual instance review
63,NLB_550812470EDR_F0640252NCAM00289M1,train,F0640252NCAM00289M1,msl/ncam/images/edr/NLB_550812470EDR_F0640252NCAM00289M1.JPG,msl/ncam/labels/train/NLB_550812470EDR_F0640252NCAM00289M1.png,candidate_unreviewed,multiple_candidate_regions|bedrock_big_rock_boundary|tiny_component_candidate|rgb_only_or_geometry_unresolved,7,3135,2,unresolved_no_explicit_pair_metadata,42,deterministic development-only candidate selection; requires manual instance review
64,NLB_436560597EDR_F0220000NCAM00354M1,train,F0220000NCAM00354M1,msl/ncam/images/edr/NLB_436560597EDR_F0220000NCAM00354M1.JPG,msl/ncam/labels/train/NLB_436560597EDR_F0220000NCAM00354M1.png,candidate_unreviewed,multiple_candidate_regions|bedrock_big_rock_boundary|tiny_component_candidate|rgb_only_or_geometry_unresolved,11,51496,1,unresolved_no_explicit_pair_metadata,42,deterministic development-only candidate selection; requires manual instance review
65,NLB_542036117EDR_F0611332NCAM07753M1,train,F0611332NCAM07753M1,msl/ncam/images/edr/NLB_542036117EDR_F0611332NCAM07753M1.JPG,msl/ncam/labels/train/NLB_542036117EDR_F0611332NCAM07753M1.png,candidate_unreviewed,multiple_candidate_regions|bedrock_big_rock_boundary|tiny_component_candidate|rgb_only_or_geometry_unresolved,4,7879,1,unresolved_no_explicit_pair_metadata,42,deterministic development-only candidate selection; requires manual instance review
66,NLA_408507666EDR_F0051216NCAM00219M1,train,F0051216NCAM00219M1,msl/ncam/images/edr/NLA_408507666EDR_F0051216NCAM00219M1.JPG,msl/ncam/labels/train/NLA_408507666EDR_F0051216NCAM00219M1.png,candidate_unreviewed,multiple_candidate_regions|bedrock_big_rock_boundary|tiny_component_candidate|rgb_only_or_geometry_unresolved,6,14473,8,unresolved_no_explicit_pair_metadata,42,deterministic development-only candidate selection; requires manual instance review
67,NLB_473841214EDR_F0442414NCAM00207M1,train,F0442414NCAM00207M1,msl/ncam/images/edr/NLB_473841214EDR_F0442414NCAM00207M1.JPG,msl/ncam/labels/train/NLB_473841214EDR_F0442414NCAM00207M1.png,candidate_unreviewed,multiple_candidate_regions|bedrock_big_rock_boundary|tiny_component_candidate|rgb_only_or_geometry_unresolved,12,50060,3,unresolved_no_explicit_pair_metadata,42,deterministic development-only candidate selection; requires manual instance review
68,NLB_555692594EDR_F0650096NCAM00385M1,val,F0650096NCAM00385M1,msl/ncam/images/edr/NLB_555692594EDR_F0650096NCAM00385M1.JPG,msl/ncam/labels/train/NLB_555692594EDR_F0650096NCAM00385M1.png,candidate_unreviewed,multiple_candidate_regions|bedrock_big_rock_boundary|tiny_component_candidate|rgb_only_or_geometry_unresolved,8,25429,2,unresolved_no_explicit_pair_metadata,42,deterministic development-only candidate selection; requires manual instance review
69,NLB_538567497EDR_F0602256NCAM00251M1,train,F0602256NCAM00251M1,msl/ncam/images/edr/NLB_538567497EDR_F0602256NCAM00251M1.JPG,msl/ncam/labels/train/NLB_538567497EDR_F0602256NCAM00251M1.png,candidate_unreviewed,multiple_candidate_regions|bedrock_big_rock_boundary|tiny_component_candidate|rgb_only_or_geometry_unresolved,4,10193,1,unresolved_no_explicit_pair_metadata,42,deterministic development-only candidate selection; requires manual instance review
70,NLB_579753089EDR_F0701752NCAM00264M1,train,F0701752NCAM00264M1,msl/ncam/images/edr/NLB_579753089EDR_F0701752NCAM00264M1.JPG,msl/ncam/labels/train/NLB_579753089EDR_F0701752NCAM00264M1.png,candidate_unreviewed,multiple_candidate_regions|bedrock_big_rock_boundary|tiny_component_candidate|rgb_only_or_geometry_unresolved,10,51555,3,unresolved_no_explicit_pair_metadata,42,deterministic development-only candidate selection; requires manual instance review
71,NLB_477665507EDR_F0450450NCAM07753M1,train,F0450450NCAM07753M1,msl/ncam/images/edr/NLB_477665507EDR_F0450450NCAM07753M1.JPG,msl/ncam/labels/train/NLB_477665507EDR_F0450450NCAM07753M1.png,candidate_unreviewed,multiple_candidate_regions|bedrock_big_rock_boundary|tiny_component_candidate|rgb_only_or_geometry_unresolved,12,58386,8,unresolved_no_explicit_pair_metadata,42,deterministic development-only candidate selection; requires manual instance review
72,NLB_546992923EDR_F0623050NCAM00265M1,val,F0623050NCAM00265M1,msl/ncam/images/edr/NLB_546992923EDR_F0623050NCAM00265M1.JPG,msl/ncam/labels/train/NLB_546992923EDR_F0623050NCAM00265M1.png,candidate_unreviewed,multiple_candidate_regions|bedrock_big_rock_boundary|tiny_component_candidate|rgb_only_or_geometry_unresolved,7,6108,1,unresolved_no_explicit_pair_metadata,42,deterministic development-only candidate selection; requires manual instance review
73,NLB_471799347EDR_F0442396NCAM00393M1,train,F0442396NCAM00393M1,msl/ncam/images/edr/NLB_471799347EDR_F0442396NCAM00393M1.JPG,msl/ncam/labels/train/NLB_471799347EDR_F0442396NCAM00393M1.png,candidate_unreviewed,multiple_candidate_regions|bedrock_big_rock_boundary|tiny_component_candidate|rgb_only_or_geometry_unresolved,6,43762,1,unresolved_no_explicit_pair_metadata,42,deterministic development-only candidate selection; requires manual instance review
74,NLB_547170366EDR_F0623350NCAM00267M1,train,F0623350NCAM00267M1,msl/ncam/images/edr/NLB_547170366EDR_F0623350NCAM00267M1.JPG,msl/ncam/labels/train/NLB_547170366EDR_F0623350NCAM00267M1.png,candidate_unreviewed,multiple_candidate_regions|bedrock_big_rock_boundary|tiny_component_candidate|rgb_only_or_geometry_unresolved,40,11487,1,unresolved_no_explicit_pair_metadata,42,deterministic development-only candidate selection; requires manual instance review
75,NLB_424835216EDR_F0060646NCAM00246M1,train,F0060646NCAM00246M1,msl/ncam/images/edr/NLB_424835216EDR_F0060646NCAM00246M1.JPG,msl/ncam/labels/train/NLB_424835216EDR_F0060646NCAM00246M1.png,candidate_unreviewed,multiple_candidate_regions|bedrock_big_rock_boundary|tiny_component_candidate|rgb_only_or_geometry_unresolved,5,12595,1,unresolved_no_explicit_pair_metadata,42,deterministic development-only candidate selection; requires manual instance review
76,NLB_555606916EDR_F0650000NCAM00264M1,train,F0650000NCAM00264M1,msl/ncam/images/edr/NLB_555606916EDR_F0650000NCAM00264M1.JPG,msl/ncam/labels/train/NLB_555606916EDR_F0650000NCAM00264M1.png,candidate_unreviewed,multiple_candidate_regions|bedrock_big_rock_boundary|tiny_component_candidate|rgb_only_or_geometry_unresolved,36,17216,16,unresolved_no_explicit_pair_metadata,42,deterministic development-only candidate selection; requires manual instance review
77,NLB_550548257EDR_F0633326NCAM07753M1,val,F0633326NCAM07753M1,msl/ncam/images/edr/NLB_550548257EDR_F0633326NCAM07753M1.JPG,msl/ncam/labels/train/NLB_550548257EDR_F0633326NCAM07753M1.png,candidate_unreviewed,multiple_candidate_regions|bedrock_big_rock_boundary|tiny_component_candidate|rgb_only_or_geometry_unresolved,6,18041,2,unresolved_no_explicit_pair_metadata,42,deterministic development-only candidate selection; requires manual instance review
78,NLB_485469909EDR_F0481032NCAM00412M1,train,F0481032NCAM00412M1,msl/ncam/images/edr/NLB_485469909EDR_F0481032NCAM00412M1.JPG,msl/ncam/labels/train/NLB_485469909EDR_F0481032NCAM00412M1.png,candidate_unreviewed,multiple_candidate_regions|bedrock_big_rock_boundary|rgb_only_or_geometry_unresolved,3,49957,8,unresolved_no_explicit_pair_metadata,42,deterministic development-only candidate selection; requires manual instance review
79,NLB_545223247EDR_F0620690NCAM00297M1,train,F0620690NCAM00297M1,msl/ncam/images/edr/NLB_545223247EDR_F0620690NCAM00297M1.JPG,msl/ncam/labels/train/NLB_545223247EDR_F0620690NCAM00297M1.png,candidate_unreviewed,multiple_candidate_regions|bedrock_big_rock_boundary|rgb_only_or_geometry_unresolved,5,1743,1,unresolved_no_explicit_pair_metadata,42,deterministic development-only candidate selection; requires manual instance review
80,NLB_582938538EDR_F0710228NCAM00272M1,val,F0710228NCAM00272M1,msl/ncam/images/edr/NLB_582938538EDR_F0710228NCAM00272M1.JPG,msl/ncam/labels/train/NLB_582938538EDR_F0710228NCAM00272M1.png,candidate_unreviewed,multiple_candidate_regions|bedrock_big_rock_boundary|tiny_component_candidate|rgb_only_or_geometry_unresolved,7,23721,2,unresolved_no_explicit_pair_metadata,42,deterministic development-only candidate selection; requires manual instance review
81,NLB_547527411EDR_F0630000NCAM00269M1,train,F0630000NCAM00269M1,msl/ncam/images/edr/NLB_547527411EDR_F0630000NCAM00269M1.JPG,msl/ncam/labels/train/NLB_547527411EDR_F0630000NCAM00269M1.png,candidate_unreviewed,multiple_candidate_regions|bedrock_big_rock_boundary|tiny_component_candidate|rgb_only_or_geometry_unresolved,10,26055,1,unresolved_no_explicit_pair_metadata,42,deterministic development-only candidate selection; requires manual instance review
82,NLB_477482823EDR_F0450366NCAM07753M1,train,F0450366NCAM07753M1,msl/ncam/images/edr/NLB_477482823EDR_F0450366NCAM07753M1.JPG,msl/ncam/labels/train/NLB_477482823EDR_F0450366NCAM07753M1.png,candidate_unreviewed,multiple_candidate_regions|bedrock_big_rock_boundary|very_large_component_candidate|tiny_component_candidate|rgb_only_or_geometry_unresolved,4,76481,2,unresolved_no_explicit_pair_metadata,42,deterministic development-only candidate selection; requires manual instance review
83,NLB_517255171EDR_F0541610NCAM00354M1,train,F0541610NCAM00354M1,msl/ncam/images/edr/NLB_517255171EDR_F0541610NCAM00354M1.JPG,msl/ncam/labels/train/NLB_517255171EDR_F0541610NCAM00354M1.png,candidate_unreviewed,multiple_candidate_regions|bedrock_big_rock_boundary|tiny_component_candidate|rgb_only_or_geometry_unresolved,7,50468,13,unresolved_no_explicit_pair_metadata,42,deterministic development-only candidate selection; requires manual instance review
84,NLB_529681104EDR_F0582034NCAM00385M1,train,F0582034NCAM00385M1,msl/ncam/images/edr/NLB_529681104EDR_F0582034NCAM00385M1.JPG,msl/ncam/labels/train/NLB_529681104EDR_F0582034NCAM00385M1.png,candidate_unreviewed,multiple_candidate_regions|bedrock_big_rock_boundary|tiny_component_candidate|rgb_only_or_geometry_unresolved,2,41250,5,unresolved_no_explicit_pair_metadata,42,deterministic development-only candidate selection; requires manual instance review
85,NLB_436473759EDR_F0211572NCAM00464M1,train,F0211572NCAM00464M1,msl/ncam/images/edr/NLB_436473759EDR_F0211572NCAM00464M1.JPG,msl/ncam/labels/train/NLB_436473759EDR_F0211572NCAM00464M1.png,candidate_unreviewed,multiple_candidate_regions|bedrock_big_rock_boundary|very_large_component_candidate|rgb_only_or_geometry_unresolved,2,119585,3,unresolved_no_explicit_pair_metadata,42,deterministic development-only candidate selection; requires manual instance review
86,NLB_626095223EDR_F0771416NCAM00262M1,val,F0771416NCAM00262M1,msl/ncam/images/edr/NLB_626095223EDR_F0771416NCAM00262M1.JPG,msl/ncam/labels/train/NLB_626095223EDR_F0771416NCAM00262M1.png,candidate_unreviewed,multiple_candidate_regions|bedrock_big_rock_boundary|rgb_only_or_geometry_unresolved,3,10258,5,unresolved_no_explicit_pair_metadata,42,deterministic development-only candidate selection; requires manual instance review
87,NLB_511216545EDR_F0531284NCAM00250M1,train,F0531284NCAM00250M1,msl/ncam/images/edr/NLB_511216545EDR_F0531284NCAM00250M1.JPG,msl/ncam/labels/train/NLB_511216545EDR_F0531284NCAM00250M1.png,candidate_unreviewed,multiple_candidate_regions|bedrock_big_rock_boundary|rgb_only_or_geometry_unresolved,2,35694,1,unresolved_no_explicit_pair_metadata,42,deterministic development-only candidate selection; requires manual instance review
88,NLB_528261206EDR_F0580738NCAM00385M1,train,F0580738NCAM00385M1,msl/ncam/images/edr/NLB_528261206EDR_F0580738NCAM00385M1.JPG,msl/ncam/labels/train/NLB_528261206EDR_F0580738NCAM00385M1.png,candidate_unreviewed,multiple_candidate_regions|bedrock_big_rock_boundary|tiny_component_candidate|rgb_only_or_geometry_unresolved,4,30626,7,unresolved_no_explicit_pair_metadata,42,deterministic development-only candidate selection; requires manual instance review
89,NLB_545659954EDR_F0621080NCAM00251M1,val,F0621080NCAM00251M1,msl/ncam/images/edr/NLB_545659954EDR_F0621080NCAM00251M1.JPG,msl/ncam/labels/train/NLB_545659954EDR_F0621080NCAM00251M1.png,candidate_unreviewed,multiple_candidate_regions|bedrock_big_rock_boundary|rgb_only_or_geometry_unresolved,2,33302,2,unresolved_no_explicit_pair_metadata,42,deterministic development-only candidate selection; requires manual instance review
90,NLB_493826864EDR_F0491798NCAM00255M1,train,F0491798NCAM00255M1,msl/ncam/images/edr/NLB_493826864EDR_F0491798NCAM00255M1.JPG,msl/ncam/labels/train/NLB_493826864EDR_F0491798NCAM00255M1.png,candidate_unreviewed,multiple_candidate_regions|bedrock_big_rock_boundary|rgb_only_or_geometry_unresolved,3,9591,3,unresolved_no_explicit_pair_metadata,42,deterministic development-only candidate selection; requires manual instance review
91,NLB_467991018EDR_F0440568NCAM00298M1,val,F0440568NCAM00298M1,msl/ncam/images/edr/NLB_467991018EDR_F0440568NCAM00298M1.JPG,msl/ncam/labels/train/NLB_467991018EDR_F0440568NCAM00298M1.png,candidate_unreviewed,multiple_candidate_regions|border_truncation_candidate|very_large_component_candidate|tiny_component_candidate|rgb_only_or_geometry_unresolved,13,194202,0,unresolved_no_explicit_pair_metadata,42,deterministic development-only candidate selection; requires manual instance review
92,NLB_547800871EDR_F0630346NCAM00354M1,val,F0630346NCAM00354M1,msl/ncam/images/edr/NLB_547800871EDR_F0630346NCAM00354M1.JPG,msl/ncam/labels/train/NLB_547800871EDR_F0630346NCAM00354M1.png,candidate_unreviewed,multiple_candidate_regions|border_truncation_candidate|tiny_component_candidate|rgb_only_or_geometry_unresolved,14,62736,0,unresolved_no_explicit_pair_metadata,42,deterministic development-only candidate selection; requires manual instance review
93,NLB_490004046EDR_F0482122NCAM00281M1,train,F0482122NCAM00281M1,msl/ncam/images/edr/NLB_490004046EDR_F0482122NCAM00281M1.JPG,msl/ncam/labels/train/NLB_490004046EDR_F0482122NCAM00281M1.png,candidate_unreviewed,multiple_candidate_regions|very_large_component_candidate|tiny_component_candidate|rgb_only_or_geometry_unresolved,9,86480,0,unresolved_no_explicit_pair_metadata,42,deterministic development-only candidate selection; requires manual instance review
94,NLB_495061490EDR_F0492626NCAM00269M1,train,F0492626NCAM00269M1,msl/ncam/images/edr/NLB_495061490EDR_F0492626NCAM00269M1.JPG,msl/ncam/labels/train/NLB_495061490EDR_F0492626NCAM00269M1.png,candidate_unreviewed,multiple_candidate_regions|very_large_component_candidate|tiny_component_candidate|rgb_only_or_geometry_unresolved,10,64358,0,unresolved_no_explicit_pair_metadata,42,deterministic development-only candidate selection; requires manual instance review
95,NLB_424307612EDR_F0060450NCAM00350M1,val,F0060450NCAM00350M1,msl/ncam/images/edr/NLB_424307612EDR_F0060450NCAM00350M1.JPG,msl/ncam/labels/train/NLB_424307612EDR_F0060450NCAM00350M1.png,candidate_unreviewed,multiple_candidate_regions|very_large_component_candidate|tiny_component_candidate|rgb_only_or_geometry_unresolved,6,141709,0,unresolved_no_explicit_pair_metadata,42,deterministic development-only candidate selection; requires manual instance review
96,NLB_531734905EDR_F0591596NCAM00653M1,train,F0591596NCAM00653M1,msl/ncam/images/edr/NLB_531734905EDR_F0591596NCAM00653M1.JPG,msl/ncam/labels/train/NLB_531734905EDR_F0591596NCAM00653M1.png,candidate_unreviewed,multiple_candidate_regions|very_large_component_candidate|tiny_component_candidate|rgb_only_or_geometry_unresolved,8,158918,0,unresolved_no_explicit_pair_metadata,42,deterministic development-only candidate selection; requires manual instance review
97,NLB_499059390EDR_F0500848NCAM00287M1,train,F0500848NCAM00287M1,msl/ncam/images/edr/NLB_499059390EDR_F0500848NCAM00287M1.JPG,msl/ncam/labels/train/NLB_499059390EDR_F0500848NCAM00287M1.png,candidate_unreviewed,multiple_candidate_regions|very_large_component_candidate|tiny_component_candidate|rgb_only_or_geometry_unresolved,3,63331,0,unresolved_no_explicit_pair_metadata,42,deterministic development-only candidate selection; requires manual instance review
98,NLB_530660251EDR_F0582394NCAM05113M1,train,F0582394NCAM05113M1,msl/ncam/images/edr/NLB_530660251EDR_F0582394NCAM05113M1.JPG,msl/ncam/labels/train/NLB_530660251EDR_F0582394NCAM05113M1.png,candidate_unreviewed,multiple_candidate_regions|very_large_component_candidate|tiny_component_candidate|rgb_only_or_geometry_unresolved,3,76502,0,unresolved_no_explicit_pair_metadata,42,deterministic development-only candidate selection; requires manual instance review
99,NLB_512191282EDR_F0532406NCAM00262M1,val,F0532406NCAM00262M1,msl/ncam/images/edr/NLB_512191282EDR_F0532406NCAM00262M1.JPG,msl/ncam/labels/train/NLB_512191282EDR_F0532406NCAM00262M1.png,candidate_unreviewed,multiple_candidate_regions|very_large_component_candidate|tiny_component_candidate|rgb_only_or_geometry_unresolved,3,172954,0,unresolved_no_explicit_pair_metadata,42,deterministic development-only candidate selection; requires manual instance review
100,NLB_492840274EDR_F0490814NCAM07813M1,train,F0490814NCAM07813M1,msl/ncam/images/edr/NLB_492840274EDR_F0490814NCAM07813M1.JPG,msl/ncam/labels/train/NLB_492840274EDR_F0490814NCAM07813M1.png,candidate_unreviewed,multiple_candidate_regions|very_large_component_candidate|tiny_component_candidate|rgb_only_or_geometry_unresolved,5,60349,0,unresolved_no_explicit_pair_metadata,42,deterministic development-only candidate selection; requires manual instance review
101,NLB_490980444EDR_F0482518NCAM07753M1,train,F0482518NCAM07753M1,msl/ncam/images/edr/NLB_490980444EDR_F0482518NCAM07753M1.JPG,msl/ncam/labels/train/NLB_490980444EDR_F0482518NCAM07753M1.png,candidate_unreviewed,multiple_candidate_regions|very_large_component_candidate|tiny_component_candidate|rgb_only_or_geometry_unresolved,4,744392,0,unresolved_no_explicit_pair_metadata,42,deterministic development-only candidate selection; requires manual instance review
102,NLB_463189610EDR_F0410802NCAM00385M1,train,F0410802NCAM00385M1,msl/ncam/images/edr/NLB_463189610EDR_F0410802NCAM00385M1.JPG,msl/ncam/labels/train/NLB_463189610EDR_F0410802NCAM00385M1.png,candidate_unreviewed,multiple_candidate_regions|very_large_component_candidate|tiny_component_candidate|rgb_only_or_geometry_unresolved,3,182507,0,unresolved_no_explicit_pair_metadata,42,deterministic development-only candidate selection; requires manual instance review
103,NLB_577895239EDR_F0692766NCAM00293M1,train,F0692766NCAM00293M1,msl/ncam/images/edr/NLB_577895239EDR_F0692766NCAM00293M1.JPG,msl/ncam/labels/train/NLB_577895239EDR_F0692766NCAM00293M1.png,candidate_unreviewed,multiple_candidate_regions|very_large_component_candidate|tiny_component_candidate|rgb_only_or_geometry_unresolved,27,84999,0,unresolved_no_explicit_pair_metadata,42,deterministic development-only candidate selection; requires manual instance review
104,NLB_463552100EDR_F0411570NCAM07753M1,train,F0411570NCAM07753M1,msl/ncam/images/edr/NLB_463552100EDR_F0411570NCAM07753M1.JPG,msl/ncam/labels/train/NLB_463552100EDR_F0411570NCAM07753M1.png,candidate_unreviewed,multiple_candidate_regions|very_large_component_candidate|tiny_component_candidate|rgb_only_or_geometry_unresolved,12,143057,0,unresolved_no_explicit_pair_metadata,42,deterministic development-only candidate selection; requires manual instance review
105,NLA_413665900EDR_F0060000NCAM00368M1,train,F0060000NCAM00368M1,msl/ncam/images/edr/NLA_413665900EDR_F0060000NCAM00368M1.JPG,msl/ncam/labels/train/NLA_413665900EDR_F0060000NCAM00368M1.png,candidate_unreviewed,multiple_candidate_regions|very_large_component_candidate|tiny_component_candidate|rgb_only_or_geometry_unresolved,3,80767,0,unresolved_no_explicit_pair_metadata,42,deterministic development-only candidate selection; requires manual instance review
106,NLB_485828325EDR_F0481530NCAM00274M1,train,F0481530NCAM00274M1,msl/ncam/images/edr/NLB_485828325EDR_F0481530NCAM00274M1.JPG,msl/ncam/labels/train/NLB_485828325EDR_F0481530NCAM00274M1.png,candidate_unreviewed,multiple_candidate_regions|very_large_component_candidate|tiny_component_candidate|rgb_only_or_geometry_unresolved,7,107306,0,unresolved_no_explicit_pair_metadata,42,deterministic development-only candidate selection; requires manual instance review
107,NLB_549392097EDR_F0632008NCAM00312M1,train,F0632008NCAM00312M1,msl/ncam/images/edr/NLB_549392097EDR_F0632008NCAM00312M1.JPG,msl/ncam/labels/train/NLB_549392097EDR_F0632008NCAM00312M1.png,candidate_unreviewed,multiple_candidate_regions|very_large_component_candidate|tiny_component_candidate|rgb_only_or_geometry_unresolved,5,68346,0,unresolved_no_explicit_pair_metadata,42,deterministic development-only candidate selection; requires manual instance review
108,NLB_448457285EDR_F0300740NCAM00251M1,train,F0300740NCAM00251M1,msl/ncam/images/edr/NLB_448457285EDR_F0300740NCAM00251M1.JPG,msl/ncam/labels/train/NLB_448457285EDR_F0300740NCAM00251M1.png,candidate_unreviewed,multiple_candidate_regions|very_large_component_candidate|tiny_component_candidate|rgb_only_or_geometry_unresolved,3,327620,0,unresolved_no_explicit_pair_metadata,42,deterministic development-only candidate selection; requires manual instance review
109,NLB_516986144EDR_F0541490NCAM07753M1,val,F0541490NCAM07753M1,msl/ncam/images/edr/NLB_516986144EDR_F0541490NCAM07753M1.JPG,msl/ncam/labels/train/NLB_516986144EDR_F0541490NCAM07753M1.png,candidate_unreviewed,multiple_candidate_regions|very_large_component_candidate|tiny_component_candidate|rgb_only_or_geometry_unresolved,9,84911,0,unresolved_no_explicit_pair_metadata,42,deterministic development-only candidate selection; requires manual instance review
110,NLB_449075739EDR_F0300786NCAM00254M1,train,F0300786NCAM00254M1,msl/ncam/images/edr/NLB_449075739EDR_F0300786NCAM00254M1.JPG,msl/ncam/labels/train/NLB_449075739EDR_F0300786NCAM00254M1.png,candidate_unreviewed,multiple_candidate_regions|very_large_component_candidate|tiny_component_candidate|rgb_only_or_geometry_unresolved,5,71156,0,unresolved_no_explicit_pair_metadata,42,deterministic development-only candidate selection; requires manual instance review
111,NLB_424219126EDR_F0060410NCAM00245M1,val,F0060410NCAM00245M1,msl/ncam/images/edr/NLB_424219126EDR_F0060410NCAM00245M1.JPG,msl/ncam/labels/train/NLB_424219126EDR_F0060410NCAM00245M1.png,candidate_unreviewed,multiple_candidate_regions|very_large_component_candidate|tiny_component_candidate|rgb_only_or_geometry_unresolved,5,141835,0,unresolved_no_explicit_pair_metadata,42,deterministic development-only candidate selection; requires manual instance review
112,NLB_579570335EDR_F0701554NCAM00312M1,val,F0701554NCAM00312M1,msl/ncam/images/edr/NLB_579570335EDR_F0701554NCAM00312M1.JPG,msl/ncam/labels/train/NLB_579570335EDR_F0701554NCAM00312M1.png,candidate_unreviewed,multiple_candidate_regions|very_large_component_candidate|tiny_component_candidate|rgb_only_or_geometry_unresolved,31,296509,0,unresolved_no_explicit_pair_metadata,42,deterministic development-only candidate selection; requires manual instance review
113,NLB_617309155EDR_F0762672NCAM00270M1,train,F0762672NCAM00270M1,msl/ncam/images/edr/NLB_617309155EDR_F0762672NCAM00270M1.JPG,msl/ncam/labels/train/NLB_617309155EDR_F0762672NCAM00270M1.png,candidate_unreviewed,multiple_candidate_regions|very_large_component_candidate|tiny_component_candidate|rgb_only_or_geometry_unresolved,17,85892,0,unresolved_no_explicit_pair_metadata,42,deterministic development-only candidate selection; requires manual instance review
114,NLB_557476847EDR_F0652828NCAM00385M1,val,F0652828NCAM00385M1,msl/ncam/images/edr/NLB_557476847EDR_F0652828NCAM00385M1.JPG,msl/ncam/labels/train/NLB_557476847EDR_F0652828NCAM00385M1.png,candidate_unreviewed,multiple_candidate_regions|very_large_component_candidate|tiny_component_candidate|rgb_only_or_geometry_unresolved,11,63911,0,unresolved_no_explicit_pair_metadata,42,deterministic development-only candidate selection; requires manual instance review
115,NLB_484061303EDR_F0470598NCAM00207M1,train,F0470598NCAM00207M1,msl/ncam/images/edr/NLB_484061303EDR_F0470598NCAM00207M1.JPG,msl/ncam/labels/train/NLB_484061303EDR_F0470598NCAM00207M1.png,candidate_unreviewed,multiple_candidate_regions|very_large_component_candidate|tiny_component_candidate|rgb_only_or_geometry_unresolved,8,122209,0,unresolved_no_explicit_pair_metadata,42,deterministic development-only candidate selection; requires manual instance review
116,NLB_526667508EDR_F0572798NCAM00251M1,train,F0572798NCAM00251M1,msl/ncam/images/edr/NLB_526667508EDR_F0572798NCAM00251M1.JPG,msl/ncam/labels/train/NLB_526667508EDR_F0572798NCAM00251M1.png,candidate_unreviewed,multiple_candidate_regions|very_large_component_candidate|tiny_component_candidate|rgb_only_or_geometry_unresolved,5,293169,0,unresolved_no_explicit_pair_metadata,42,deterministic development-only candidate selection; requires manual instance review
117,NLB_580288890EDR_F0701752NCAM00309M1,val,F0701752NCAM00309M1,msl/ncam/images/edr/NLB_580288890EDR_F0701752NCAM00309M1.JPG,msl/ncam/labels/train/NLB_580288890EDR_F0701752NCAM00309M1.png,candidate_unreviewed,multiple_candidate_regions|very_large_component_candidate|tiny_component_candidate|rgb_only_or_geometry_unresolved,6,241357,0,unresolved_no_explicit_pair_metadata,42,deterministic development-only candidate selection; requires manual instance review
118,NLB_579924899EDR_F0701752NCAM00353M1,train,F0701752NCAM00353M1,msl/ncam/images/edr/NLB_579924899EDR_F0701752NCAM00353M1.JPG,msl/ncam/labels/train/NLB_579924899EDR_F0701752NCAM00353M1.png,candidate_unreviewed,multiple_candidate_regions|very_large_component_candidate|tiny_component_candidate|rgb_only_or_geometry_unresolved,8,320765,0,unresolved_no_explicit_pair_metadata,42,deterministic development-only candidate selection; requires manual instance review
119,NLB_486005519EDR_F0481570NCAM07813M1,train,F0481570NCAM07813M1,msl/ncam/images/edr/NLB_486005519EDR_F0481570NCAM07813M1.JPG,msl/ncam/labels/train/NLB_486005519EDR_F0481570NCAM07813M1.png,candidate_unreviewed,multiple_candidate_regions|very_large_component_candidate|tiny_component_candidate|rgb_only_or_geometry_unresolved,3,131638,0,unresolved_no_explicit_pair_metadata,42,deterministic development-only candidate selection; requires manual instance review
120,NLB_492131456EDR_F0482794NCAM00292M1,train,F0482794NCAM00292M1,msl/ncam/images/edr/NLB_492131456EDR_F0482794NCAM00292M1.JPG,msl/ncam/labels/train/NLB_492131456EDR_F0482794NCAM00292M1.png,candidate_unreviewed,multiple_candidate_regions|very_large_component_candidate|tiny_component_candidate|rgb_only_or_geometry_unresolved,6,85773,0,unresolved_no_explicit_pair_metadata,42,deterministic development-only candidate selection; requires manual instance review
121,NLA_401492610EDR_F0042100NCAM00306M1,val,F0042100NCAM00306M1,msl/ncam/images/edr/NLA_401492610EDR_F0042100NCAM00306M1.JPG,msl/ncam/labels/train/NLA_401492610EDR_F0042100NCAM00306M1.png,candidate_unreviewed,multiple_candidate_regions|very_large_component_candidate|tiny_component_candidate|rgb_only_or_geometry_unresolved,14,57176,0,unresolved_no_explicit_pair_metadata,42,deterministic development-only candidate selection; requires manual instance review
122,NLB_511834377EDR_F0531994NCAM00256M1,train,F0531994NCAM00256M1,msl/ncam/images/edr/NLB_511834377EDR_F0531994NCAM00256M1.JPG,msl/ncam/labels/train/NLB_511834377EDR_F0531994NCAM00256M1.png,candidate_unreviewed,multiple_candidate_regions|very_large_component_candidate|tiny_component_candidate|rgb_only_or_geometry_unresolved,4,84833,0,unresolved_no_explicit_pair_metadata,42,deterministic development-only candidate selection; requires manual instance review
123,NLB_483340393EDR_F0470522NCAM00253M1,train,F0470522NCAM00253M1,msl/ncam/images/edr/NLB_483340393EDR_F0470522NCAM00253M1.JPG,msl/ncam/labels/train/NLB_483340393EDR_F0470522NCAM00253M1.png,candidate_unreviewed,multiple_candidate_regions|very_large_component_candidate|tiny_component_candidate|rgb_only_or_geometry_unresolved,6,103818,0,unresolved_no_explicit_pair_metadata,42,deterministic development-only candidate selection; requires manual instance review
124,NLB_550010635EDR_F0632582NCAM00282M1,train,F0632582NCAM00282M1,msl/ncam/images/edr/NLB_550010635EDR_F0632582NCAM00282M1.JPG,msl/ncam/labels/train/NLB_550010635EDR_F0632582NCAM00282M1.png,candidate_unreviewed,multiple_candidate_regions|very_large_component_candidate|tiny_component_candidate|rgb_only_or_geometry_unresolved,10,240373,0,unresolved_no_explicit_pair_metadata,42,deterministic development-only candidate selection; requires manual instance review
125,NLB_467991308EDR_F0440568NCAM00297M1,train,F0440568NCAM00297M1,msl/ncam/images/edr/NLB_467991308EDR_F0440568NCAM00297M1.JPG,msl/ncam/labels/train/NLB_467991308EDR_F0440568NCAM00297M1.png,candidate_unreviewed,multiple_candidate_regions|very_large_component_candidate|tiny_component_candidate|rgb_only_or_geometry_unresolved,3,113721,0,unresolved_no_explicit_pair_metadata,42,deterministic development-only candidate selection; requires manual instance review
126,NLB_547801039EDR_F0630346NCAM07753M1,train,F0630346NCAM07753M1,msl/ncam/images/edr/NLB_547801039EDR_F0630346NCAM07753M1.JPG,msl/ncam/labels/train/NLB_547801039EDR_F0630346NCAM07753M1.png,candidate_unreviewed,multiple_candidate_regions|very_large_component_candidate|tiny_component_candidate|rgb_only_or_geometry_unresolved,11,163451,0,unresolved_no_explicit_pair_metadata,42,deterministic development-only candidate selection; requires manual instance review
127,NLB_486003341EDR_F0481570NCAM05694M1,train,F0481570NCAM05694M1,msl/ncam/images/edr/NLB_486003341EDR_F0481570NCAM05694M1.JPG,msl/ncam/labels/train/NLB_486003341EDR_F0481570NCAM05694M1.png,candidate_unreviewed,multiple_candidate_regions|very_large_component_candidate|tiny_component_candidate|rgb_only_or_geometry_unresolved,7,51709,0,unresolved_no_explicit_pair_metadata,42,deterministic development-only candidate selection; requires manual instance review
128,NLB_579316096EDR_F0701538NCAM00207M1,train,F0701538NCAM00207M1,msl/ncam/images/edr/NLB_579316096EDR_F0701538NCAM00207M1.JPG,msl/ncam/labels/train/NLB_579316096EDR_F0701538NCAM00207M1.png,candidate_unreviewed,multiple_candidate_regions|very_large_component_candidate|tiny_component_candidate|rgb_only_or_geometry_unresolved,9,240903,0,unresolved_no_explicit_pair_metadata,42,deterministic development-only candidate selection; requires manual instance review
129,NLB_555700793EDR_F0650156CCAM15903M1,train,NLB_555700793EDR_F0650156CCAM15903M1,msl/ncam/images/edr/NLB_555700793EDR_F0650156CCAM15903M1.JPG,msl/ncam/labels/train/NLB_555700793EDR_F0650156CCAM15903M1.png,candidate_unreviewed,multiple_candidate_regions|very_large_component_candidate|tiny_component_candidate|rgb_only_or_geometry_unresolved,5,66180,0,unresolved_no_explicit_pair_metadata,42,deterministic development-only candidate selection; requires manual instance review
130,NLB_490622774EDR_F0482422NCAM07753M1,train,F0482422NCAM07753M1,msl/ncam/images/edr/NLB_490622774EDR_F0482422NCAM07753M1.JPG,msl/ncam/labels/train/NLB_490622774EDR_F0482422NCAM07753M1.png,candidate_unreviewed,multiple_candidate_regions|very_large_component_candidate|tiny_component_candidate|rgb_only_or_geometry_unresolved,7,177637,0,unresolved_no_explicit_pair_metadata,42,deterministic development-only candidate selection; requires manual instance review
131,NLB_463190517EDR_F0410838NCAM00275M1,train,F0410838NCAM00275M1,msl/ncam/images/edr/NLB_463190517EDR_F0410838NCAM00275M1.JPG,msl/ncam/labels/train/NLB_463190517EDR_F0410838NCAM00275M1.png,candidate_unreviewed,multiple_candidate_regions|very_large_component_candidate|tiny_component_candidate|rgb_only_or_geometry_unresolved,9,139305,0,unresolved_no_explicit_pair_metadata,42,deterministic development-only candidate selection; requires manual instance review
132,NLB_517255503EDR_F0541610NCAM07753M1,train,F0541610NCAM07753M1,msl/ncam/images/edr/NLB_517255503EDR_F0541610NCAM07753M1.JPG,msl/ncam/labels/train/NLB_517255503EDR_F0541610NCAM07753M1.png,candidate_unreviewed,multiple_candidate_regions|very_large_component_candidate|tiny_component_candidate|rgb_only_or_geometry_unresolved,13,82014,0,unresolved_no_explicit_pair_metadata,42,deterministic development-only candidate selection; requires manual instance review
133,NLB_490799942EDR_F0482470NCAM00284M1,train,F0482470NCAM00284M1,msl/ncam/images/edr/NLB_490799942EDR_F0482470NCAM00284M1.JPG,msl/ncam/labels/train/NLB_490799942EDR_F0482470NCAM00284M1.png,candidate_unreviewed,multiple_candidate_regions|very_large_component_candidate|tiny_component_candidate|rgb_only_or_geometry_unresolved,3,214837,0,unresolved_no_explicit_pair_metadata,42,deterministic development-only candidate selection; requires manual instance review
134,NLB_579308863EDR_F0701538NCAM00307M1,train,F0701538NCAM00307M1,msl/ncam/images/edr/NLB_579308863EDR_F0701538NCAM00307M1.JPG,msl/ncam/labels/train/NLB_579308863EDR_F0701538NCAM00307M1.png,candidate_unreviewed,multiple_candidate_regions|very_large_component_candidate|tiny_component_candidate|rgb_only_or_geometry_unresolved,5,204092,0,unresolved_no_explicit_pair_metadata,42,deterministic development-only candidate selection; requires manual instance review
135,NLB_421445249EDR_F0060000NCAM12754M1,train,F0060000NCAM12754M1,msl/ncam/images/edr/NLB_421445249EDR_F0060000NCAM12754M1.JPG,msl/ncam/labels/train/NLB_421445249EDR_F0060000NCAM12754M1.png,candidate_unreviewed,multiple_candidate_regions|very_large_component_candidate|tiny_component_candidate|rgb_only_or_geometry_unresolved,7,107933,0,unresolved_no_explicit_pair_metadata,42,deterministic development-only candidate selection; requires manual instance review
136,NLB_547082057EDR_F0623188NCAM00266M1,val,F0623188NCAM00266M1,msl/ncam/images/edr/NLB_547082057EDR_F0623188NCAM00266M1.JPG,msl/ncam/labels/train/NLB_547082057EDR_F0623188NCAM00266M1.png,candidate_unreviewed,multiple_candidate_regions|very_large_component_candidate|tiny_component_candidate|rgb_only_or_geometry_unresolved,29,92143,0,unresolved_no_explicit_pair_metadata,42,deterministic development-only candidate selection; requires manual instance review
137,NLB_614017708EDR_F0760988NCAM00288M1,train,F0760988NCAM00288M1,msl/ncam/images/edr/NLB_614017708EDR_F0760988NCAM00288M1.JPG,msl/ncam/labels/train/NLB_614017708EDR_F0760988NCAM00288M1.png,candidate_unreviewed,multiple_candidate_regions|very_large_component_candidate|tiny_component_candidate|rgb_only_or_geometry_unresolved,18,100871,0,unresolved_no_explicit_pair_metadata,42,deterministic development-only candidate selection; requires manual instance review
138,NLB_450501721EDR_F0310724NCAM00268M1,train,F0310724NCAM00268M1,msl/ncam/images/edr/NLB_450501721EDR_F0310724NCAM00268M1.JPG,msl/ncam/labels/train/NLB_450501721EDR_F0310724NCAM00268M1.png,candidate_unreviewed,multiple_candidate_regions|very_large_component_candidate|tiny_component_candidate|rgb_only_or_geometry_unresolved,6,83631,0,unresolved_no_explicit_pair_metadata,42,deterministic development-only candidate selection; requires manual instance review
139,NLB_545400542EDR_F0620786NCAM00353M1,train,F0620786NCAM00353M1,msl/ncam/images/edr/NLB_545400542EDR_F0620786NCAM00353M1.JPG,msl/ncam/labels/train/NLB_545400542EDR_F0620786NCAM00353M1.png,candidate_unreviewed,multiple_candidate_regions|very_large_component_candidate|tiny_component_candidate|rgb_only_or_geometry_unresolved,16,77287,0,unresolved_no_explicit_pair_metadata,42,deterministic development-only candidate selection; requires manual instance review
140,NLB_484059426EDR_F0470598NCAM00223M1,train,F0470598NCAM00223M1,msl/ncam/images/edr/NLB_484059426EDR_F0470598NCAM00223M1.JPG,msl/ncam/labels/train/NLB_484059426EDR_F0470598NCAM00223M1.png,candidate_unreviewed,multiple_candidate_regions|very_large_component_candidate|tiny_component_candidate|rgb_only_or_geometry_unresolved,6,130429,0,unresolved_no_explicit_pair_metadata,42,deterministic development-only candidate selection; requires manual instance review
141,NLB_614011063EDR_F0760934NCAM00385M1,train,F0760934NCAM00385M1,msl/ncam/images/edr/NLB_614011063EDR_F0760934NCAM00385M1.JPG,msl/ncam/labels/train/NLB_614011063EDR_F0760934NCAM00385M1.png,candidate_unreviewed,multiple_candidate_regions|very_large_component_candidate|tiny_component_candidate|rgb_only_or_geometry_unresolved,6,60445,0,unresolved_no_explicit_pair_metadata,42,deterministic development-only candidate selection; requires manual instance review
142,NLB_483696930EDR_F0470598NCAM00255M1,train,F0470598NCAM00255M1,msl/ncam/images/edr/NLB_483696930EDR_F0470598NCAM00255M1.JPG,msl/ncam/labels/train/NLB_483696930EDR_F0470598NCAM00255M1.png,candidate_unreviewed,multiple_candidate_regions|very_large_component_candidate|tiny_component_candidate|rgb_only_or_geometry_unresolved,6,154065,0,unresolved_no_explicit_pair_metadata,42,deterministic development-only candidate selection; requires manual instance review
143,NLB_490189395EDR_F0482200NCAM07752M1,train,F0482200NCAM07752M1,msl/ncam/images/edr/NLB_490189395EDR_F0482200NCAM07752M1.JPG,msl/ncam/labels/train/NLB_490189395EDR_F0482200NCAM07752M1.png,candidate_unreviewed,multiple_candidate_regions|very_large_component_candidate|tiny_component_candidate|rgb_only_or_geometry_unresolved,6,425702,0,unresolved_no_explicit_pair_metadata,42,deterministic development-only candidate selection; requires manual instance review
144,NLB_489742424EDR_F0481970NCAM07753M1,val,F0481970NCAM07753M1,msl/ncam/images/edr/NLB_489742424EDR_F0481970NCAM07753M1.JPG,msl/ncam/labels/train/NLB_489742424EDR_F0481970NCAM07753M1.png,candidate_unreviewed,multiple_candidate_regions|very_large_component_candidate|tiny_component_candidate|rgb_only_or_geometry_unresolved,4,78597,0,unresolved_no_explicit_pair_metadata,42,deterministic development-only candidate selection; requires manual instance review
145,NLB_449520568EDR_F0300820NCAM00257M1,train,F0300820NCAM00257M1,msl/ncam/images/edr/NLB_449520568EDR_F0300820NCAM00257M1.JPG,msl/ncam/labels/train/NLB_449520568EDR_F0300820NCAM00257M1.png,candidate_unreviewed,multiple_candidate_regions|very_large_component_candidate|tiny_component_candidate|rgb_only_or_geometry_unresolved,9,262224,0,unresolved_no_explicit_pair_metadata,42,deterministic development-only candidate selection; requires manual instance review
146,NLB_436560164EDR_F0220000NCAM00259M1,train,F0220000NCAM00259M1,msl/ncam/images/edr/NLB_436560164EDR_F0220000NCAM00259M1.JPG,msl/ncam/labels/train/NLB_436560164EDR_F0220000NCAM00259M1.png,candidate_unreviewed,multiple_candidate_regions|very_large_component_candidate|tiny_component_candidate|rgb_only_or_geometry_unresolved,3,213548,0,unresolved_no_explicit_pair_metadata,42,deterministic development-only candidate selection; requires manual instance review
147,NLB_528262409EDR_F0580774NCAM00257M1,train,F0580774NCAM00257M1,msl/ncam/images/edr/NLB_528262409EDR_F0580774NCAM00257M1.JPG,msl/ncam/labels/train/NLB_528262409EDR_F0580774NCAM00257M1.png,candidate_unreviewed,multiple_candidate_regions|very_large_component_candidate|tiny_component_candidate|rgb_only_or_geometry_unresolved,6,146055,0,unresolved_no_explicit_pair_metadata,42,deterministic development-only candidate selection; requires manual instance review
148,NLB_582244604EDR_F0701752NCAM00207M1,train,F0701752NCAM00207M1,msl/ncam/images/edr/NLB_582244604EDR_F0701752NCAM00207M1.JPG,msl/ncam/labels/train/NLB_582244604EDR_F0701752NCAM00207M1.png,candidate_unreviewed,multiple_candidate_regions|very_large_component_candidate|tiny_component_candidate|rgb_only_or_geometry_unresolved,6,220811,0,unresolved_no_explicit_pair_metadata,42,deterministic development-only candidate selection; requires manual instance review
149,NLB_615805575EDR_F0761714NCAM00353M1,train,F0761714NCAM00353M1,msl/ncam/images/edr/NLB_615805575EDR_F0761714NCAM00353M1.JPG,msl/ncam/labels/train/NLB_615805575EDR_F0761714NCAM00353M1.png,candidate_unreviewed,multiple_candidate_regions|very_large_component_candidate|tiny_component_candidate|rgb_only_or_geometry_unresolved,6,55807,0,unresolved_no_explicit_pair_metadata,42,deterministic development-only candidate selection; requires manual instance review
150,NLB_490975308EDR_F0482518NCAM00287M1,train,F0482518NCAM00287M1,msl/ncam/images/edr/NLB_490975308EDR_F0482518NCAM00287M1.JPG,msl/ncam/labels/train/NLB_490975308EDR_F0482518NCAM00287M1.png,candidate_unreviewed,multiple_candidate_regions|very_large_component_candidate|tiny_component_candidate|rgb_only_or_geometry_unresolved,6,65659,0,unresolved_no_explicit_pair_metadata,42,deterministic development-only candidate selection; requires manual instance review
